event_type,n_type,n_other,type_mean_similarity,other_mean_similarity,global_mean_similarity,effect_type_minus_other,p_value_perm
SalesVolume,8,48,0.1427359851579207,0.10191658426332754,0.10774792724826941,0.04081940089459314,0.060484878780304924
SecurityValue,20,36,0.13134724254024327,0.09463719653050615,0.10774792724826941,0.036710046009737124,0.020494876280929768
Rating,6,50,0.11618090441611284,0.10673596998812818,0.10774792724826941,0.009444934427984664,0.7058235441139715
Macroeconomics,9,47,0.09149886949486229,0.11085944894573033,0.10774792724826941,-0.01936057945086804,0.3611597100724819
Legal,5,51,0.07198203192932431,0.11125438757365617,0.10774792724826941,-0.03927235564433186,0.14496375906023495
Product/Service,8,48,0.0480707227797246,0.11769412799302688,0.10774792724826941,-0.06962340521330228,0.000999750062484379
