feature,beta_std
intercept,-1.4227319449065703e-16
tweet_count,-0.06169344341522949
score_median,-0.20729523662081667
score_p90,0.1764429809389363
word_count_mean,-0.1767710788872875
unique_authors,-0.04115011162459606
post_share,0.262245926969
x_coherence_tfidf,0.2939924378053862
