source,feature,fleiss_kappa,pairwise_kappa_mean,n_complete_items
SENTiVENT,primary_cause,0.48176583493282144,0.4974314698899201,12
SENTiVENT,blame_target,0.370262390670554,0.39948058757506494,12
X,primary_cause,0.2468619246861923,0.30106970635430264,12
X,blame_target,0.010989010989011038,0.11172504865165415,12
