window,n_comments,similarity_to_wsj,coherence,drift_velocity
0-1h,4,0.7063295030784391,0.7269192579325181,
1-6h,4,0.602456527064398,0.8552492940970782,0.2469605989338477
6-24h,161,0.8495246653559585,0.6189759061267325,0.22118452859722604
24-72h,133,0.839869244581751,0.6544908045913275,0.04015468402432121
72h+,64,0.7139525128276162,0.6461224296256766,0.20241362986042355
