window,n_comments,similarity_to_wsj,coherence,drift_velocity
0-1h,2,0.539420951145612,0.8475201427110342,
1-6h,21,0.542353584686627,0.6209379344990962,0.2942336220759816
6-24h,301,0.6551759701422043,0.6459283074499678,0.1494854267328749
24-72h,100,0.6407202588129765,0.6024606022741391,0.03383293685586353
72h+,18,0.6649219790609365,0.6456414948998249,0.04646847159056422
