window,n_comments,similarity_to_wsj,coherence,drift_velocity
0-1h,3,0.6262890842888593,0.9003881641129826,
1-6h,13,0.6714281926061819,0.7451355111562289,0.13485084237786094
6-24h,282,0.7525097012053535,0.6266874839160771,0.06641594045052346
24-72h,197,0.7499518979148809,0.6169243821506718,0.0245916005929675
72h+,72,0.7150049897977078,0.5976750186649196,0.0640047809390547
