window,n_comments,similarity_to_wsj,coherence,drift_velocity
0-1h,0,,,
1-6h,8,0.6783644023017722,0.8091141255445959,
6-24h,11,0.6957357045280042,0.7154798783428485,0.07516247529340003
24-72h,8,0.6591803885003645,0.7188002173952204,0.12898422322710656
72h+,1154,0.46919764774632267,0.6795654202636487,0.24768019104362282
