window,n_comments,similarity_to_wsj,coherence,drift_velocity
0-1h,2,0.37222134650781424,0.7753882364119478,
1-6h,6,0.5032925053422445,0.7064792778298452,0.2869269801088322
6-24h,178,0.6200262207246416,0.651173030989917,0.17560802069246895
24-72h,58,0.598981046075926,0.7101164397959853,0.050094012559879775
72h+,14,0.5842141080223033,0.7289666450197261,0.04857094816846719
